{
  "throughput_mean": 745.8718243471295,
  "throughput_std": 0.0,
  "latency_mean_us": 1213.8627202598457,
  "latency_std_us": 309.07316875970605,
  "latency_p50_us": 1116.0,
  "latency_p99_us": 2201.0,
  "latency_max_us": 3852.0,
  "sla_compliance": 0.001412911084043849,
  "security_score": 0.75,
  "algorithm_switches": 0,
  "fallback_events": 0,
  "total_operations": 246300,
  "successful_operations": 246300,
  "failed_operations": 0
}