{
  "throughput_mean": 714.6386819417189,
  "throughput_std": 0.0,
  "latency_mean_us": 1194.9212974051895,
  "latency_std_us": 317.442880607856,
  "latency_p50_us": 1090.0,
  "latency_p99_us": 2185.0,
  "latency_max_us": 2808.0,
  "sla_compliance": 0.0013173652694610778,
  "security_score": 0.75,
  "algorithm_switches": 0,
  "fallback_events": 0,
  "total_operations": 50100,
  "successful_operations": 50100,
  "failed_operations": 0
}