{
  "throughput_mean": 713.5830975787574,
  "throughput_std": 0.0,
  "latency_mean_us": 1194.795389221557,
  "latency_std_us": 309.70561186174683,
  "latency_p50_us": 1096.0,
  "latency_p99_us": 2193.0,
  "latency_max_us": 3102.0,
  "sla_compliance": 0.0014171656686626747,
  "security_score": 0.75,
  "algorithm_switches": 0,
  "fallback_events": 0,
  "total_operations": 50100,
  "successful_operations": 50100,
  "failed_operations": 0
}