{
  "throughput_mean": 730.6755335595733,
  "throughput_std": 0.0,
  "latency_mean_us": 1211.6021862348177,
  "latency_std_us": 317.97521687361683,
  "latency_p50_us": 1104.0,
  "latency_p99_us": 2183.0,
  "latency_max_us": 3997.0,
  "sla_compliance": 0.0007388663967611336,
  "security_score": 0.75,
  "algorithm_switches": 0,
  "fallback_events": 0,
  "total_operations": 98800,
  "successful_operations": 98800,
  "failed_operations": 0
}