{
  "throughput_mean": 727.1669964624589,
  "throughput_std": 0.0,
  "latency_mean_us": 1216.7786571719228,
  "latency_std_us": 310.45410873747426,
  "latency_p50_us": 1117.0,
  "latency_p99_us": 2211.0,
  "latency_max_us": 4557.0,
  "sla_compliance": 0.0015055951169888097,
  "security_score": 0.75,
  "algorithm_switches": 0,
  "fallback_events": 0,
  "total_operations": 98300,
  "successful_operations": 98300,
  "failed_operations": 0
}