{
  "throughput_mean": 757.8505548423043,
  "throughput_std": 0.0,
  "latency_mean_us": 1194.5536290967227,
  "latency_std_us": 308.1190682340992,
  "latency_p50_us": 1097.0,
  "latency_p99_us": 2179.0,
  "latency_max_us": 3521.0,
  "sla_compliance": 0.0009352517985611511,
  "security_score": 0.75,
  "algorithm_switches": 0,
  "fallback_events": 0,
  "total_operations": 250200,
  "successful_operations": 250200,
  "failed_operations": 0
}