{
  "throughput_mean": 718.912578431113,
  "throughput_std": 0.0,
  "latency_mean_us": 1187.9970238095239,
  "latency_std_us": 308.6235254599522,
  "latency_p50_us": 1089.0,
  "latency_p99_us": 2171.0,
  "latency_max_us": 3324.0,
  "sla_compliance": 0.000753968253968254,
  "security_score": 0.75,
  "algorithm_switches": 0,
  "fallback_events": 0,
  "total_operations": 50400,
  "successful_operations": 50400,
  "failed_operations": 0
}