{
  "throughput_mean": 718.9334554813598,
  "throughput_std": 0.0,
  "latency_mean_us": 1188.3945634920635,
  "latency_std_us": 310.1938213756849,
  "latency_p50_us": 1089.0,
  "latency_p99_us": 2168.0,
  "latency_max_us": 3213.0,
  "sla_compliance": 0.0007341269841269841,
  "security_score": 0.75,
  "algorithm_switches": 0,
  "fallback_events": 0,
  "total_operations": 50400,
  "successful_operations": 50400,
  "failed_operations": 0
}